<?xml version="1.0" encoding="utf-8"?>
<G_Picture G_PictureVer="2.0">
	<G_bmplib FileType="1" AllBmpTotal="581" CurBmpTotal="121">
		<G_bmp Default="1" szFilename="Bmp1" nId="1" nTotalStatus="2" Use="0">
			<MulStatus szFilename="Bmp1_0.dat" dwMID="0" />
			<MulStatus szFilename="Bmp1_1.dat" dwMID="1" />
		</G_bmp>
		<G_bmp Default="1" szFilename="Bmp2_0.dat" nId="2" nTotalStatus="1" />
		<G_bmp Default="1" szFilename="Bmp3_0.dat" nId="3" nTotalStatus="1" Use="1" />
		<G_bmp Default="1" szFilename="Bmp4_0.dat" nId="4" nTotalStatus="1" />
		<G_bmp Default="1" szFilename="Bmp5_0.dat" nId="5" nTotalStatus="1" />
		<G_bmp Default="1" szFilename="Bmp6_0.dat" nId="6" nTotalStatus="1" />
		<G_bmp Default="1" szFilename="Bmp7_0.dat" nId="7" nTotalStatus="1" />
		<G_bmp Default="1" szFilename="Bmp8_0.dat" nId="8" nTotalStatus="1" />
		<G_bmp Default="1" szFilename="Bmp9_0.dat" nId="9" nTotalStatus="1" />
		<G_bmp Default="1" szFilename="Bmp10_0.dat" nId="10" nTotalStatus="1" />
		<G_bmp Default="1" szFilename="Bmp11_0.dat" nId="11" nTotalStatus="1" />
		<G_bmp Default="1" szFilename="Bmp12_0.dat" nId="12" nTotalStatus="1" />
		<G_bmp Default="1" szFilename="Bmp13_0.dat" nId="13" nTotalStatus="1" />
		<G_bmp Default="1" szFilename="Bmp14" nId="14" nTotalStatus="2">
			<MulStatus szFilename="Bmp14_0.dat" dwMID="0" />
			<MulStatus szFilename="Bmp14_1.dat" dwMID="1" />
		</G_bmp>
		<G_bmp szFilename="Bmp205_0.dat" nId="205" nTotalStatus="1" Use="1" />
		<G_bmp szFilename="Bmp208_0.dat" nId="208" nTotalStatus="1" Use="1" />
		<G_bmp szFilename="Bmp211_0.dat" nId="211" nTotalStatus="1" Use="1" />
		<G_bmp nId="212" szFilename="Bmp212_0.dat" nTotalStatus="1" bSavePng="0" bTransparent="0" cTransColor="0" Use="1" />
		<G_bmp szFilename="Bmp213_0.dat" nId="213" nTotalStatus="1" Use="1" />
		<G_bmp szFilename="Bmp215_0.dat" nId="215" nTotalStatus="1" Use="1" />
		<G_bmp szFilename="Bmp218_0.dat" nId="218" nTotalStatus="1" Use="1" />
		<G_bmp szFilename="Bmp221_0.dat" nId="221" nTotalStatus="1" Use="1" />
		<G_bmp szFilename="Bmp222_0.dat" nId="222" nTotalStatus="1" Use="1" />
		<G_bmp szFilename="Bmp224_0.dat" nId="224" nTotalStatus="1" Use="1" />
		<G_bmp szFilename="Bmp236_0.dat" nId="236" nTotalStatus="1" Use="1" />
		<G_bmp szFilename="Bmp237_0.dat" nId="237" nTotalStatus="1" Use="1" />
		<G_bmp szFilename="Bmp238_0.dat" nId="238" nTotalStatus="1" />
		<G_bmp szFilename="Bmp239_0.dat" nId="239" nTotalStatus="1" Use="1" />
		<G_bmp szFilename="Bmp241_0.dat" nId="241" nTotalStatus="1" Use="1" />
		<G_bmp nId="245" szFilename="Bmp245_0.dat" nTotalStatus="1" bSavePng="0" bTransparent="0" cTransColor="0" Use="1" />
		<G_bmp nId="255" szFilename="Bmp255" nTotalStatus="2" Use="1">
			<MulStatus dwMID="0" szFilename="Bmp255_0.dat" bSavePng="0" bTransparent="0" cTransColor="0" />
			<MulStatus dwMID="1" szFilename="Bmp255_1.dat" bSavePng="0" bTransparent="0" cTransColor="0" />
		</G_bmp>
		<G_bmp nId="256" szFilename="Bmp256" nTotalStatus="2" Use="1">
			<MulStatus dwMID="0" szFilename="Bmp256_0.dat" bSavePng="0" bTransparent="0" cTransColor="0" />
			<MulStatus dwMID="1" szFilename="Bmp256_1.dat" bSavePng="0" bTransparent="0" cTransColor="0" />
		</G_bmp>
		<G_bmp nId="281" szFilename="Bmp281" nTotalStatus="2" Use="1">
			<MulStatus dwMID="0" szFilename="Bmp281_0.dat" bSavePng="0" bTransparent="0" cTransColor="0" />
			<MulStatus dwMID="1" szFilename="Bmp281_1.dat" bSavePng="0" bTransparent="0" cTransColor="0" />
		</G_bmp>
		<G_bmp nId="303" nTotalStatus="3">
			<MulStatus dwMID="0" IsVector="1" szPath="Fan" szFilename="Fan11-1.svg" />
			<MulStatus dwMID="1" IsVector="1" szPath="Fan" szFilename="Fan11-2.svg" />
			<MulStatus dwMID="2" IsVector="1" szPath="Fan" szFilename="Fan11-3.svg" />
		</G_bmp>
		<G_bmp IsVector="1" szPath="Button" szFilename="Button0015.svg" nId="311" nTotalStatus="1" />
		<G_bmp nId="312" szFilename="Bmp312" nTotalStatus="2">
			<MulStatus dwMID="0" IsVector="1" szPath="Button" szFilename="Button0015.svg" bSavePng="0" bTransparent="0" cTransColor="0" />
			<MulStatus dwMID="1" IsVector="1" szPath="Button" szFilename="Button0015.svg" bSavePng="0" bTransparent="0" cTransColor="0" />
		</G_bmp>
		<G_bmp nId="316" szFilename="Bmp316" nTotalStatus="2" Use="1">
			<MulStatus dwMID="0" szFilename="Bmp316_0.dat" bSavePng="0" bTransparent="0" cTransColor="0" />
			<MulStatus dwMID="1" szFilename="Bmp316_1.dat" bSavePng="0" bTransparent="0" cTransColor="0" />
		</G_bmp>
		<G_bmp IsVector="1" szPath="Button" szFilename="Button0700.svg" nId="318" nTotalStatus="1" />
		<G_bmp nId="322" szFilename="Bmp322_0.dat" nTotalStatus="1" bSavePng="0" bTransparent="0" cTransColor="0" Use="1" />
		<G_bmp IsVector="1" szPath="Rectangle" szFilename="Rectangle0700.svg" nId="326" nTotalStatus="1" Use="1" />
		<G_bmp IsVector="1" szPath="Rectangle" szFilename="Rectangle0207.svg" nId="328" nTotalStatus="1" Use="1" />
		<G_bmp szFilename="Bmp337_0.dat" nId="337" nTotalStatus="1" Use="1" />
		<G_bmp IsVector="1" szPath="Conduit" szFilename="Conduit0250.svg" nId="370" nTotalStatus="1" Use="1" />
		<G_bmp nId="372" szFilename="Bmp372" nTotalStatus="2" Use="1">
			<MulStatus dwMID="0" IsVector="1" szPath="Circle" szFilename="Circle1600.svg" bSavePng="0" bTransparent="0" cTransColor="0" />
			<MulStatus dwMID="1" IsVector="1" szPath="Circle" szFilename="Circle1601.svg" bSavePng="0" bTransparent="0" cTransColor="0" />
		</G_bmp>
		<G_bmp IsVector="1" szPath="Conduit" szFilename="Conduit0001.svg" nId="379" nTotalStatus="1" Use="1" />
		<G_bmp IsVector="1" szPath="Machine" szFilename="Machine0702.svg" nId="386" nTotalStatus="1" Use="1" />
		<G_bmp IsVector="1" szPath="Conduit" szFilename="Conduit011402.svg" nId="396" nTotalStatus="1" Use="1" />
		<G_bmp IsVector="1" szPath="Conduit" szFilename="Conduit011504.svg" nId="397" nTotalStatus="1" />
		<G_bmp IsVector="1" szPath="Conduit" szFilename="Conduit011404.svg" nId="398" nTotalStatus="1" Use="1" />
		<G_bmp IsVector="1" szPath="Conduit" szFilename="Conduit011503.svg" nId="403" nTotalStatus="1" Use="1" />
		<G_bmp IsVector="1" szPath="Conduit" szFilename="Conduit0258.svg" nId="404" nTotalStatus="1" Use="1" />
		<G_bmp nId="423" nTotalStatus="5" Use="1">
			<MulStatus dwMID="0" IsVector="1" szPath="Fan" szFilename="Fan7-1.svg" />
			<MulStatus dwMID="1" IsVector="1" szPath="Fan" szFilename="Fan7-2.svg" />
			<MulStatus dwMID="2" IsVector="1" szPath="Fan" szFilename="Fan7-3.svg" />
			<MulStatus dwMID="3" IsVector="1" szPath="Fan" szFilename="Fan7-4.svg" />
			<MulStatus dwMID="4" IsVector="1" szPath="Fan" szFilename="Fan7-5.svg" />
		</G_bmp>
		<G_bmp nId="424" szFilename="Bmp424" nTotalStatus="2" Use="1">
			<MulStatus dwMID="0" IsVector="1" szPath="Rectangle" szFilename="Rectangle0700.svg" bSavePng="0" bTransparent="0" cTransColor="0" />
			<MulStatus dwMID="1" IsVector="1" szPath="Rectangle" szFilename="Rectangle0700.svg" bSavePng="0" bTransparent="0" cTransColor="0" />
		</G_bmp>
		<G_bmp IsVector="1" szFilename="Bmp441_0.svg" nId="441" nTotalStatus="1" Use="1" />
		<G_bmp IsVector="1" szFilename="Bmp447_0.svg" nId="447" nTotalStatus="1" Use="1" />
		<G_bmp IsVector="1" szFilename="Bmp451_0.svg" nId="451" nTotalStatus="1" Use="1" />
		<G_bmp IsVector="1" szFilename="Bmp453_0.svg" nId="453" nTotalStatus="1" Use="1" />
		<G_bmp IsVector="1" szFilename="Bmp461_0.svg" nId="461" nTotalStatus="1" Use="1" />
		<G_bmp nId="462" nTotalStatus="5" Use="1">
			<MulStatus dwMID="0" IsVector="1" szPath="Fan" szFilename="Fan6-1.svg" />
			<MulStatus dwMID="1" IsVector="1" szPath="Fan" szFilename="Fan6-2.svg" />
			<MulStatus dwMID="2" IsVector="1" szPath="Fan" szFilename="Fan6-3.svg" />
			<MulStatus dwMID="3" IsVector="1" szPath="Fan" szFilename="Fan6-4.svg" />
			<MulStatus dwMID="4" IsVector="1" szPath="Fan" szFilename="Fan6-5.svg" />
		</G_bmp>
		<G_bmp szFilename="Bmp466_0.dat" nId="466" nTotalStatus="1" />
		<G_bmp szFilename="Bmp467_0.dat" nId="467" nTotalStatus="1" Use="1" />
		<G_bmp szFilename="Bmp468_0.dat" nId="468" nTotalStatus="1" Use="1" />
		<G_bmp szFilename="Bmp470_0.dat" nId="470" nTotalStatus="1" Use="1" />
		<G_bmp szFilename="Bmp471_0.dat" nId="471" nTotalStatus="1" Use="1" />
		<G_bmp szFilename="Bmp472_0.dat" nId="472" nTotalStatus="1" Use="1" />
		<G_bmp szFilename="Bmp473_0.dat" nId="473" nTotalStatus="1" Use="1" />
		<G_bmp szFilename="Bmp474_0.dat" nId="474" nTotalStatus="1" Use="1" />
		<G_bmp nId="480" szFilename="Bmp480" nTotalStatus="2" Use="1">
			<MulStatus dwMID="0" szFilename="Bmp480_0.dat" bSavePng="0" bTransparent="0" cTransColor="0" />
			<MulStatus dwMID="1" szFilename="Bmp480_1.dat" bSavePng="0" bTransparent="0" cTransColor="0" />
		</G_bmp>
		<G_bmp nId="483" szFilename="Bmp483" nTotalStatus="2" Use="1">
			<MulStatus dwMID="0" szFilename="Bmp483_0.dat" bSavePng="0" bTransparent="0" cTransColor="0" />
			<MulStatus dwMID="1" szFilename="Bmp483_1.dat" bSavePng="0" bTransparent="0" cTransColor="0" />
		</G_bmp>
		<G_bmp szFilename="Bmp484_0.dat" nId="484" nTotalStatus="1" Use="1" />
		<G_bmp szFilename="Bmp485_0.dat" nId="485" nTotalStatus="1" Use="1" />
		<G_bmp szFilename="Bmp486_0.dat" nId="486" nTotalStatus="1" Use="1" />
		<G_bmp nId="489" szFilename="Bmp489" nTotalStatus="2" Use="1">
			<MulStatus dwMID="0" szFilename="Bmp489_0.dat" bSavePng="0" bTransparent="0" cTransColor="0" />
			<MulStatus dwMID="1" szFilename="Bmp489_1.dat" bSavePng="0" bTransparent="0" cTransColor="0" />
		</G_bmp>
		<G_bmp nId="490" szFilename="Bmp490" nTotalStatus="2" Use="1">
			<MulStatus dwMID="0" szFilename="Bmp490_0.dat" bSavePng="0" bTransparent="0" cTransColor="0" />
			<MulStatus dwMID="1" szFilename="Bmp490_1.dat" bSavePng="0" bTransparent="0" cTransColor="0" />
		</G_bmp>
		<G_bmp nId="493" szFilename="Bmp493" nTotalStatus="2" Use="1">
			<MulStatus dwMID="0" szFilename="Bmp493_0.dat" bSavePng="0" bTransparent="0" cTransColor="0" />
			<MulStatus dwMID="1" szFilename="Bmp493_1.dat" bSavePng="0" bTransparent="0" cTransColor="0" />
		</G_bmp>
		<G_bmp nId="494" szFilename="Bmp494" nTotalStatus="2" Use="1">
			<MulStatus dwMID="0" szFilename="Bmp494_0.dat" bSavePng="0" bTransparent="0" cTransColor="0" />
			<MulStatus dwMID="1" szFilename="Bmp494_1.dat" bSavePng="0" bTransparent="0" cTransColor="0" />
		</G_bmp>
		<G_bmp nId="497" szFilename="Bmp497" nTotalStatus="2" Use="1">
			<MulStatus dwMID="0" szFilename="Bmp497_0.dat" bSavePng="0" bTransparent="0" cTransColor="0" />
			<MulStatus dwMID="1" szFilename="Bmp497_1.dat" bSavePng="0" bTransparent="0" cTransColor="0" />
		</G_bmp>
		<G_bmp szFilename="Bmp502_0.dat" nId="502" nTotalStatus="1" nNewTotalStatus="0" />
		<G_bmp nId="503" szFilename="Bmp503_0.dat" nTotalStatus="1" nNewTotalStatus="0" bSavePng="0" bTransparent="0" cTransColor="0" />
		<G_bmp IsVector="1" szPath="Circle" szFilename="Circle1405.svg" nId="504" nTotalStatus="1" nNewTotalStatus="0" />
		<G_bmp IsVector="1" szPath="Icon" szFilename="Icon0302.svg" nId="514" nTotalStatus="1" nNewTotalStatus="0" />
		<G_bmp IsVector="1" szPath="Icon" szFilename="Icon0015.svg" nId="515" nTotalStatus="1" nNewTotalStatus="0" Use="1" />
		<G_bmp szFilename="Bmp523_0.dat" nId="523" nTotalStatus="1" nNewTotalStatus="0" />
		<G_bmp nId="524" szFilename="Bmp524" nTotalStatus="2" nNewTotalStatus="0">
			<MulStatus dwMID="1" szFilename="Bmp524_1.dat" bSavePng="0" bTransparent="0" cTransColor="0" />
		</G_bmp>
		<G_bmp szFilename="Bmp526_0.dat" nId="526" nTotalStatus="1" nNewTotalStatus="0" />
		<G_bmp szFilename="Bmp527_0.dat" nId="527" nTotalStatus="1" nNewTotalStatus="0" />
		<G_bmp szFilename="Bmp528_0.dat" nId="528" nTotalStatus="1" nNewTotalStatus="0" />
		<G_bmp szFilename="Bmp530_0.dat" nId="530" nTotalStatus="1" nNewTotalStatus="0" />
		<G_bmp nId="531" szFilename="Bmp531" nTotalStatus="2" nNewTotalStatus="0">
			<MulStatus dwMID="0" IsVector="1" szPath="Icon" szFilename="Icon0015.svg" bSavePng="0" bTransparent="0" cTransColor="0" />
			<MulStatus dwMID="1" IsVector="1" szPath="Icon" szFilename="Icon0015.svg" bSavePng="0" bTransparent="0" cTransColor="0" />
		</G_bmp>
		<G_bmp nId="537" szFilename="Bmp537" nTotalStatus="2" nNewTotalStatus="0">
			<MulStatus dwMID="0" szFilename="Bmp537_0.dat" bSavePng="0" bTransparent="0" cTransColor="0" />
			<MulStatus dwMID="1" szFilename="Bmp537_1.dat" bSavePng="0" bTransparent="0" cTransColor="0" />
		</G_bmp>
		<G_bmp nId="538" szFilename="Bmp538" nTotalStatus="7" nNewTotalStatus="0">
			<MulStatus dwMID="0" szFilename="Bmp538_0.dat" bSavePng="0" bTransparent="0" cTransColor="0" />
			<MulStatus dwMID="1" szFilename="Bmp538_1.dat" bSavePng="0" bTransparent="0" cTransColor="0" />
			<MulStatus dwMID="2" szFilename="Bmp538_2.dat" bSavePng="0" bTransparent="0" cTransColor="0" />
			<MulStatus dwMID="3" szFilename="Bmp538_3.dat" bSavePng="0" bTransparent="0" cTransColor="0" />
			<MulStatus dwMID="4" szFilename="Bmp538_4.dat" bSavePng="0" bTransparent="0" cTransColor="0" />
			<MulStatus dwMID="5" szFilename="Bmp538_5.dat" bSavePng="0" bTransparent="0" cTransColor="0" />
			<MulStatus dwMID="6" szFilename="Bmp538_6.dat" bSavePng="0" bTransparent="0" cTransColor="0" />
		</G_bmp>
		<G_bmp nId="539" szFilename="Bmp539" nTotalStatus="7" nNewTotalStatus="0">
			<MulStatus dwMID="0" szFilename="Bmp539_0.dat" bSavePng="0" bTransparent="0" cTransColor="0" />
			<MulStatus dwMID="1" szFilename="Bmp539_1.dat" bSavePng="0" bTransparent="0" cTransColor="0" />
			<MulStatus dwMID="2" szFilename="Bmp539_2.dat" bSavePng="0" bTransparent="0" cTransColor="0" />
			<MulStatus dwMID="3" szFilename="Bmp539_3.dat" bSavePng="0" bTransparent="0" cTransColor="0" />
			<MulStatus dwMID="4" szFilename="Bmp539_4.dat" bSavePng="0" bTransparent="0" cTransColor="0" />
			<MulStatus dwMID="5" szFilename="Bmp539_5.dat" bSavePng="0" bTransparent="0" cTransColor="0" />
			<MulStatus dwMID="6" szFilename="Bmp539_6.dat" bSavePng="0" bTransparent="0" cTransColor="0" />
		</G_bmp>
		<G_bmp nId="540" szFilename="Bmp540" nTotalStatus="7" nNewTotalStatus="0">
			<MulStatus dwMID="0" szFilename="Bmp540_0.dat" bSavePng="0" bTransparent="0" cTransColor="0" />
			<MulStatus dwMID="1" szFilename="Bmp540_1.dat" bSavePng="0" bTransparent="0" cTransColor="0" />
			<MulStatus dwMID="2" szFilename="Bmp540_2.dat" bSavePng="0" bTransparent="0" cTransColor="0" />
			<MulStatus dwMID="3" szFilename="Bmp540_3.dat" bSavePng="0" bTransparent="0" cTransColor="0" />
			<MulStatus dwMID="4" szFilename="Bmp540_4.dat" bSavePng="0" bTransparent="0" cTransColor="0" />
			<MulStatus dwMID="5" szFilename="Bmp540_5.dat" bSavePng="0" bTransparent="0" cTransColor="0" />
			<MulStatus dwMID="6" szFilename="Bmp540_6.dat" bSavePng="0" bTransparent="0" cTransColor="0" />
		</G_bmp>
		<G_bmp nId="541" szFilename="Bmp541" nTotalStatus="7" nNewTotalStatus="0">
			<MulStatus dwMID="0" szFilename="Bmp541_0.dat" bSavePng="0" bTransparent="0" cTransColor="0" />
			<MulStatus dwMID="1" szFilename="Bmp541_1.dat" bSavePng="0" bTransparent="0" cTransColor="0" />
			<MulStatus dwMID="2" szFilename="Bmp541_2.dat" bSavePng="0" bTransparent="0" cTransColor="0" />
			<MulStatus dwMID="3" szFilename="Bmp541_3.dat" bSavePng="0" bTransparent="0" cTransColor="0" />
			<MulStatus dwMID="4" szFilename="Bmp541_4.dat" bSavePng="0" bTransparent="0" cTransColor="0" />
			<MulStatus dwMID="5" szFilename="Bmp541_5.dat" bSavePng="0" bTransparent="0" cTransColor="0" />
			<MulStatus dwMID="6" szFilename="Bmp541_6.dat" bSavePng="0" bTransparent="0" cTransColor="0" />
		</G_bmp>
		<G_bmp nId="542" szFilename="Bmp542" nTotalStatus="7" nNewTotalStatus="0">
			<MulStatus dwMID="0" szFilename="Bmp542_0.dat" bSavePng="0" bTransparent="0" cTransColor="0" />
			<MulStatus dwMID="1" szFilename="Bmp542_1.dat" bSavePng="0" bTransparent="0" cTransColor="0" />
			<MulStatus dwMID="2" szFilename="Bmp542_2.dat" bSavePng="0" bTransparent="0" cTransColor="0" />
			<MulStatus dwMID="3" szFilename="Bmp542_3.dat" bSavePng="0" bTransparent="0" cTransColor="0" />
			<MulStatus dwMID="4" szFilename="Bmp542_4.dat" bSavePng="0" bTransparent="0" cTransColor="0" />
			<MulStatus dwMID="5" szFilename="Bmp542_5.dat" bSavePng="0" bTransparent="0" cTransColor="0" />
			<MulStatus dwMID="6" szFilename="Bmp542_6.dat" bSavePng="0" bTransparent="0" cTransColor="0" />
		</G_bmp>
		<G_bmp nId="543" szFilename="Bmp543" nTotalStatus="7" nNewTotalStatus="0">
			<MulStatus dwMID="0" szFilename="Bmp543_0.dat" bSavePng="0" bTransparent="0" cTransColor="0" />
			<MulStatus dwMID="1" szFilename="Bmp543_1.dat" bSavePng="0" bTransparent="0" cTransColor="0" />
			<MulStatus dwMID="2" szFilename="Bmp543_2.dat" bSavePng="0" bTransparent="0" cTransColor="0" />
			<MulStatus dwMID="3" szFilename="Bmp543_3.dat" bSavePng="0" bTransparent="0" cTransColor="0" />
			<MulStatus dwMID="4" szFilename="Bmp543_4.dat" bSavePng="0" bTransparent="0" cTransColor="0" />
			<MulStatus dwMID="5" szFilename="Bmp543_5.dat" bSavePng="0" bTransparent="0" cTransColor="0" />
			<MulStatus dwMID="6" szFilename="Bmp543_6.dat" bSavePng="0" bTransparent="0" cTransColor="0" />
		</G_bmp>
		<G_bmp nId="544" szFilename="Bmp544" nTotalStatus="7" nNewTotalStatus="0">
			<MulStatus dwMID="0" szFilename="Bmp544_0.dat" bSavePng="0" bTransparent="0" cTransColor="0" />
			<MulStatus dwMID="1" szFilename="Bmp544_1.dat" bSavePng="0" bTransparent="0" cTransColor="0" />
			<MulStatus dwMID="2" szFilename="Bmp544_2.dat" bSavePng="0" bTransparent="0" cTransColor="0" />
			<MulStatus dwMID="3" szFilename="Bmp544_3.dat" bSavePng="0" bTransparent="0" cTransColor="0" />
			<MulStatus dwMID="4" szFilename="Bmp544_4.dat" bSavePng="0" bTransparent="0" cTransColor="0" />
			<MulStatus dwMID="5" szFilename="Bmp544_5.dat" bSavePng="0" bTransparent="0" cTransColor="0" />
			<MulStatus dwMID="6" szFilename="Bmp544_6.dat" bSavePng="0" bTransparent="0" cTransColor="0" />
		</G_bmp>
		<G_bmp IsVector="1" szPath="Icon" szFilename="Icon0032.svg" nId="545" nTotalStatus="1" nNewTotalStatus="0" />
		<G_bmp nId="546" szFilename="Bmp546" nTotalStatus="7" nNewTotalStatus="0" Use="1">
			<MulStatus dwMID="0" IsVector="1" szPath="Icon" szFilename="Icon0032.svg" bSavePng="0" bTransparent="0" cTransColor="0" />
		</G_bmp>
		<G_bmp nId="549" szFilename="Bmp549" nTotalStatus="7" nNewTotalStatus="0" Use="1">
			<MulStatus dwMID="1" IsVector="1" szPath="Icon" szFilename="Icon0032.svg" bSavePng="0" bTransparent="0" cTransColor="0" />
		</G_bmp>
		<G_bmp nId="551" szFilename="Bmp551" nTotalStatus="7" nNewTotalStatus="0" Use="1">
			<MulStatus dwMID="2" IsVector="1" szPath="Icon" szFilename="Icon0032.svg" bSavePng="0" bTransparent="0" cTransColor="0" />
		</G_bmp>
		<G_bmp nId="552" szFilename="Bmp552" nTotalStatus="7" nNewTotalStatus="0" Use="1">
			<MulStatus dwMID="3" IsVector="1" szPath="Icon" szFilename="Icon0032.svg" bSavePng="0" bTransparent="0" cTransColor="0" />
		</G_bmp>
		<G_bmp nId="553" szFilename="Bmp553" nTotalStatus="7" nNewTotalStatus="0" Use="1">
			<MulStatus dwMID="4" IsVector="1" szPath="Icon" szFilename="Icon0032.svg" bSavePng="0" bTransparent="0" cTransColor="0" />
		</G_bmp>
		<G_bmp nId="554" szFilename="Bmp554" nTotalStatus="7" nNewTotalStatus="0" Use="1">
			<MulStatus dwMID="5" IsVector="1" szPath="Icon" szFilename="Icon0032.svg" bSavePng="0" bTransparent="0" cTransColor="0" />
		</G_bmp>
		<G_bmp nId="555" szFilename="Bmp555" nTotalStatus="7" nNewTotalStatus="0" Use="1">
			<MulStatus dwMID="6" IsVector="1" szPath="Icon" szFilename="Icon0032.svg" bSavePng="0" bTransparent="0" cTransColor="0" />
		</G_bmp>
		<G_bmp szFilename="Bmp559_0.dat" nId="559" nTotalStatus="1" nNewTotalStatus="0" Use="1" />
		<G_bmp szFilename="Bmp560_0.dat" nId="560" nTotalStatus="1" nNewTotalStatus="0" />
		<G_bmp szFilename="Bmp561_0.dat" nId="561" nTotalStatus="1" nNewTotalStatus="0" />
		<G_bmp nId="562" szFilename="Bmp562" nTotalStatus="2" nNewTotalStatus="0" Use="1">
			<MulStatus dwMID="0" szFilename="Bmp562_0.dat" bSavePng="0" bTransparent="0" cTransColor="0" />
			<MulStatus dwMID="1" szFilename="Bmp562_1.dat" bSavePng="0" bTransparent="0" cTransColor="0" />
		</G_bmp>
		<G_bmp szFilename="Bmp563_0.dat" nId="563" nTotalStatus="1" nNewTotalStatus="0" />
		<G_bmp szFilename="Bmp564_0.dat" nId="564" nTotalStatus="1" nNewTotalStatus="0" />
		<G_bmp nId="565" szFilename="Bmp565" nTotalStatus="7" nNewTotalStatus="0" Use="1">
			<MulStatus dwMID="0" szFilename="Bmp565_0.dat" bSavePng="0" bTransparent="0" cTransColor="0" />
			<MulStatus dwMID="1" szFilename="Bmp565_1.dat" bSavePng="0" bTransparent="0" cTransColor="0" />
			<MulStatus dwMID="2" szFilename="Bmp565_2.dat" bSavePng="0" bTransparent="0" cTransColor="0" />
			<MulStatus dwMID="3" szFilename="Bmp565_3.dat" bSavePng="0" bTransparent="0" cTransColor="0" />
			<MulStatus dwMID="4" szFilename="Bmp565_4.dat" bSavePng="0" bTransparent="0" cTransColor="0" />
			<MulStatus dwMID="5" szFilename="Bmp565_5.dat" bSavePng="0" bTransparent="0" cTransColor="0" />
			<MulStatus dwMID="6" szFilename="Bmp565_6.dat" bSavePng="0" bTransparent="0" cTransColor="0" />
		</G_bmp>
		<G_bmp nId="566" szFilename="Bmp566" nTotalStatus="7" nNewTotalStatus="0" Use="1">
			<MulStatus dwMID="0" szFilename="Bmp566_0.dat" bSavePng="0" bTransparent="0" cTransColor="0" />
			<MulStatus dwMID="1" szFilename="Bmp566_1.dat" bSavePng="0" bTransparent="0" cTransColor="0" />
			<MulStatus dwMID="2" szFilename="Bmp566_2.dat" bSavePng="0" bTransparent="0" cTransColor="0" />
			<MulStatus dwMID="3" szFilename="Bmp566_3.dat" bSavePng="0" bTransparent="0" cTransColor="0" />
			<MulStatus dwMID="4" szFilename="Bmp566_4.dat" bSavePng="0" bTransparent="0" cTransColor="0" />
			<MulStatus dwMID="5" szFilename="Bmp566_5.dat" bSavePng="0" bTransparent="0" cTransColor="0" />
			<MulStatus dwMID="6" szFilename="Bmp566_6.dat" bSavePng="0" bTransparent="0" cTransColor="0" />
		</G_bmp>
		<G_bmp nId="567" szFilename="Bmp567" nTotalStatus="7" nNewTotalStatus="0" Use="1">
			<MulStatus dwMID="0" szFilename="Bmp567_0.dat" bSavePng="0" bTransparent="0" cTransColor="0" />
			<MulStatus dwMID="1" szFilename="Bmp567_1.dat" bSavePng="0" bTransparent="0" cTransColor="0" />
			<MulStatus dwMID="2" szFilename="Bmp567_2.dat" bSavePng="0" bTransparent="0" cTransColor="0" />
			<MulStatus dwMID="3" szFilename="Bmp567_3.dat" bSavePng="0" bTransparent="0" cTransColor="0" />
			<MulStatus dwMID="4" szFilename="Bmp567_4.dat" bSavePng="0" bTransparent="0" cTransColor="0" />
			<MulStatus dwMID="5" szFilename="Bmp567_5.dat" bSavePng="0" bTransparent="0" cTransColor="0" />
			<MulStatus dwMID="6" szFilename="Bmp567_6.dat" bSavePng="0" bTransparent="0" cTransColor="0" />
		</G_bmp>
		<G_bmp nId="568" szFilename="Bmp568" nTotalStatus="7" nNewTotalStatus="0" Use="1">
			<MulStatus dwMID="0" szFilename="Bmp568_0.dat" bSavePng="0" bTransparent="0" cTransColor="0" />
			<MulStatus dwMID="1" szFilename="Bmp568_1.dat" bSavePng="0" bTransparent="0" cTransColor="0" />
			<MulStatus dwMID="2" szFilename="Bmp568_2.dat" bSavePng="0" bTransparent="0" cTransColor="0" />
			<MulStatus dwMID="3" szFilename="Bmp568_3.dat" bSavePng="0" bTransparent="0" cTransColor="0" />
			<MulStatus dwMID="5" szFilename="Bmp568_5.dat" bSavePng="0" bTransparent="0" cTransColor="0" />
			<MulStatus dwMID="6" szFilename="Bmp568_6.dat" bSavePng="0" bTransparent="0" cTransColor="0" />
			<MulStatus dwMID="4" szFilename="Bmp568_4.dat" bSavePng="0" bTransparent="0" cTransColor="0" />
		</G_bmp>
		<G_bmp nId="569" szFilename="Bmp569" nTotalStatus="7" nNewTotalStatus="0" Use="1">
			<MulStatus dwMID="0" szFilename="Bmp569_0.dat" bSavePng="0" bTransparent="0" cTransColor="0" />
			<MulStatus dwMID="1" szFilename="Bmp569_1.dat" bSavePng="0" bTransparent="0" cTransColor="0" />
			<MulStatus dwMID="3" szFilename="Bmp569_3.dat" bSavePng="0" bTransparent="0" cTransColor="0" />
			<MulStatus dwMID="4" szFilename="Bmp569_4.dat" bSavePng="0" bTransparent="0" cTransColor="0" />
			<MulStatus dwMID="5" szFilename="Bmp569_5.dat" bSavePng="0" bTransparent="0" cTransColor="0" />
			<MulStatus dwMID="6" szFilename="Bmp569_6.dat" bSavePng="0" bTransparent="0" cTransColor="0" />
			<MulStatus dwMID="2" szFilename="Bmp569_2.dat" bSavePng="0" bTransparent="0" cTransColor="0" />
		</G_bmp>
		<G_bmp nId="570" szFilename="Bmp570" nTotalStatus="7" nNewTotalStatus="0" Use="1">
			<MulStatus dwMID="0" szFilename="Bmp570_0.dat" bSavePng="0" bTransparent="0" cTransColor="0" />
			<MulStatus dwMID="1" szFilename="Bmp570_1.dat" bSavePng="0" bTransparent="0" cTransColor="0" />
			<MulStatus dwMID="2" szFilename="Bmp570_2.dat" bSavePng="0" bTransparent="0" cTransColor="0" />
			<MulStatus dwMID="3" szFilename="Bmp570_3.dat" bSavePng="0" bTransparent="0" cTransColor="0" />
			<MulStatus dwMID="4" szFilename="Bmp570_4.dat" bSavePng="0" bTransparent="0" cTransColor="0" />
			<MulStatus dwMID="5" szFilename="Bmp570_5.dat" bSavePng="0" bTransparent="0" cTransColor="0" />
			<MulStatus dwMID="6" szFilename="Bmp570_6.dat" bSavePng="0" bTransparent="0" cTransColor="0" />
		</G_bmp>
		<G_bmp nId="571" szFilename="Bmp571" nTotalStatus="7" nNewTotalStatus="0" Use="1">
			<MulStatus dwMID="0" szFilename="Bmp571_0.dat" bSavePng="0" bTransparent="0" cTransColor="0" />
			<MulStatus dwMID="1" szFilename="Bmp571_1.dat" bSavePng="0" bTransparent="0" cTransColor="0" />
			<MulStatus dwMID="2" szFilename="Bmp571_2.dat" bSavePng="0" bTransparent="0" cTransColor="0" />
			<MulStatus dwMID="3" szFilename="Bmp571_3.dat" bSavePng="0" bTransparent="0" cTransColor="0" />
			<MulStatus dwMID="4" szFilename="Bmp571_4.dat" bSavePng="0" bTransparent="0" cTransColor="0" />
			<MulStatus dwMID="5" szFilename="Bmp571_5.dat" bSavePng="0" bTransparent="0" cTransColor="0" />
			<MulStatus dwMID="6" szFilename="Bmp571_6.dat" bSavePng="0" bTransparent="0" cTransColor="0" />
		</G_bmp>
		<G_bmp szFilename="Bmp572_0.dat" nId="572" nTotalStatus="1" nNewTotalStatus="0" />
		<G_bmp szFilename="Bmp580_0.dat" nId="580" nTotalStatus="1" nNewTotalStatus="0" />
		<G_bmp szFilename="Bmp581_0.dat" nId="581" nTotalStatus="1" nNewTotalStatus="0" />
	</G_bmplib>
</G_Picture>
