<?xml version="1.0" encoding="utf-8"?>
<project filever="1.0">
	<AddrInfo ScrnNo="6" HasNoPlcAddr="1">
		<HMIAddr />
		<Add Addr="HDW_W_0000102" Len="1" Fast="0" />
		<Add Addr="HDW_W_0000027" Len="1" Fast="0" />
		<Add Addr="HDW_W_0000012" Len="1" Fast="0" />
		<Add Addr="HDW_W_0000000" Len="1" Fast="0" />
		<Add Addr="HDW_W_0000001" Len="1" Fast="0" />
		<Add Addr="HDW_W_0000002" Len="1" Fast="0" />
		<Add Addr="HDW_W_0000003" Len="1" Fast="0" />
		<Add Addr="HDW_W_0000004" Len="1" Fast="0" />
		<Add Addr="HDW_W_0000520" Len="1" Fast="0" />
		<Add Addr="HDW_W_0000105" Len="1" Fast="0" />
		<Add Addr="HDW_W_0000521" Len="1" Fast="0" />
		<Add Addr="HDW_W_0000522" Len="1" Fast="0" />
		<Add Addr="HDW_W_0000523" Len="1" Fast="0" />
		<Add Addr="HDW_W_0000524" Len="1" Fast="0" />
	</AddrInfo>
	<AddrInfo ScrnNo="1" HasNoPlcAddr="1">
		<HMIAddr />
	</AddrInfo>
	<AddrInfo ScrnNo="4" HasNoPlcAddr="1">
		<HMIAddr />
	</AddrInfo>
</project>
